unix,open,high,low,close,vwap,volume,tradecount,date,volume_from
1643233740,36447.4,36458.6,36442.3,36442.4,36445.6,0.66322952,33,2022-01-26 21:49:00,24169.675459648002
1643233800,36442.3,36442.4,36381.7,36388.1,36412.5,7.82522619,71,2022-01-26 21:50:00,284745.113124339
1643233860,36389.1,36462.4,36389.1,36419.7,36428.0,1.76766358,45,2022-01-26 21:51:00,64377.777284526
1643233920,36431.5,36463.2,36431.5,36463.1,36444.9,3.67134023,31,2022-01-26 21:52:00,133868.445940513
1643233980,36463.1,36516.3,36433.7,36433.7,36498.4,55.17138779,138,2022-01-26 21:53:00,2010097.7913245228
1643234040,36422.7,36429.4,36351.1,36378.0,36380.7,12.04205802,125,2022-01-26 21:54:00,438065.98665156
1643234100,36388.1,36494.2,36388.1,36486.1,36469.3,4.89638455,32,2022-01-26 21:55:00,178649.97632975498
1643234160,36503.6,36524.1,36388.0,36388.0,36502.6,4.36691132,32,2022-01-26 21:56:00,158903.16911216
1643234220,36400.1,36457.6,36376.9,36386.2,36427.1,2.73013513,24,2022-01-26 21:57:00,99339.24286720599
1643234280,36392.5,36402.7,36377.0,36377.0,36393.9,1.07314713,15,2022-01-26 21:58:00,39037.873148009996
1643234340,36372.3,36435.6,36367.7,36367.8,36408.3,3.31544192,35,2022-01-26 21:59:00,120575.328658176
1643234400,36367.8,36367.8,36321.3,36344.1,36336.6,8.18835771,71,2022-01-26 22:00:00,297598.491448011
1643234460,36340.0,36484.1,36340.0,36355.5,36395.6,5.78671064,60,2022-01-26 22:01:00,210378.75867252
1643234520,36377.6,36445.5,36377.6,36426.1,36431.2,4.41511696,33,2022-01-26 22:02:00,160825.491896656
1643234580,36427.8,36469.8,36427.8,36455.2,36440.8,7.11961061,39,2022-01-26 22:03:00,259546.82870967197
1643234640,36457.8,36466.3,36446.4,36446.5,36457.2,2.04745951,16,2022-01-26 22:04:00,74622.733031215
1643234700,36446.5,36447.7,36251.2,36299.9,36284.1,24.99751484,187,2022-01-26 22:05:00,907407.2889405161
1643234760,36294.0,36359.2,36283.6,36314.3,36310.3,8.05529088,62,2022-01-26 22:06:00,292522.249603584
1643234820,36316.1,36355.6,36270.3,36326.5,36318.8,1.35929069,53,2022-01-26 22:07:00,49378.273250285
1643234880,36316.4,36396.5,36311.0,36381.7,36368.1,2.36006661,25,2022-01-26 22:08:00,85863.235385037
1643234940,36390.0,36391.7,36317.5,36327.9,36330.5,2.29512267,22,2022-01-26 22:09:00,83376.98684349301
1643235000,36332.7,36378.0,36309.8,36374.0,36342.7,5.82737774,45,2022-01-26 22:10:00,211965.03791476
1643235060,36375.5,36398.3,36356.3,36395.9,36377.0,5.38645372,42,2022-01-26 22:11:00,196044.83094774798
1643235120,36401.6,36401.6,36299.4,36354.1,36380.7,4.87764461,41,2022-01-26 22:12:00,177322.379916401
1643235180,36314.6,36352.6,36312.2,36312.2,36342.0,0.90217247,16,2022-01-26 22:13:00,32759.867165133997
1643235240,36321.9,36332.5,36307.5,36332.5,36317.6,0.02685429,7,2022-01-26 22:14:00,975.6834914249999
1643235300,36332.4,36372.8,36332.4,36332.6,36361.7,3.01624326,29,2022-01-26 22:15:00,109587.959868276
1643235360,36332.5,36372.4,36325.7,36372.4,36331.0,1.20116013,17,2022-01-26 22:16:00,43689.076712412
1643235420,36376.4,36404.0,36365.9,36404.0,36376.1,2.55860497,21,2022-01-26 22:17:00,93143.45532788
1643235480,36405.5,36405.6,36382.7,36395.0,36388.3,0.66746023,13,2022-01-26 22:18:00,24292.21507085
1643235540,36400.5,36446.0,36400.5,36417.1,36429.4,1.45322341,25,2022-01-26 22:19:00,52922.182244311
1643235600,36428.0,36439.6,36401.0,36416.4,36428.2,3.23574870,28,2022-01-26 22:20:00,117834.31895868
1643235660,36417.4,36420.2,36336.1,36398.5,36392.1,2.89681216,37,2022-01-26 22:21:00,105439.61740576
1643235720,36362.6,36416.5,36355.9,36410.4,36373.8,5.65435702,26,2022-01-26 22:22:00,205877.400841008
1643235780,36410.3,36415.1,36405.0,36405.0,36408.1,0.81130959,13,2022-01-26 22:23:00,29535.725623950002
1643235840,36357.4,36373.6,36345.9,36373.6,36363.0,0.26778547,15,2022-01-26 22:24:00,9740.321571592001
1643235900,36373.0,36415.1,36338.2,36415.1,36347.3,0.15395241,11,2022-01-26 22:25:00,5606.192405391001
1643235960,36397.3,36409.6,36391.6,36394.2,36396.1,0.08168379,6,2022-01-26 22:26:00,2972.816190018
1643236020,36395.7,36395.7,36391.0,36391.9,36391.1,1.33213142,4,2022-01-26 22:27:00,48478.793423498006
1643236080,36397.8,36400.8,36392.8,36395.7,36395.4,2.83451029,26,2022-01-26 22:28:00,103163.98616175298
1643236140,36395.6,36395.7,36370.1,36370.1,36395.0,0.44495892,24,2022-01-26 22:29:00,16183.200416291998
1643236200,36370.1,36399.7,36370.1,36398.9,36390.2,0.68088473,50,2022-01-26 22:30:00,24783.455198797004
1643236260,36399.9,36400.0,36399.9,36400.0,36399.9,0.83755115,25,2022-01-26 22:31:00,30486.86186
1643236320,36400.0,36400.0,36399.9,36400.0,36399.9,0.00514194,4,2022-01-26 22:32:00,187.166616
1643236380,36400.0,36527.1,36400.0,36527.1,36412.0,5.73010721,49,2022-01-26 22:33:00,209304.19907039098
1643236440,36526.7,36526.7,36445.5,36445.5,36492.3,1.59610653,14,2022-01-26 22:34:00,58170.900539115
1643236500,36446.2,36483.1,36434.9,36483.1,36442.5,1.36509538,22,2022-01-26 22:35:00,49802.911258078
1643236560,36527.1,36541.7,36463.4,36483.4,36490.9,1.40190781,22,2022-01-26 22:36:00,51146.363395354005
1643236620,36483.4,36488.8,36477.7,36488.8,36480.8,0.15914114,11,2022-01-26 22:37:00,5806.869229232
1643236680,36488.8,36520.4,36488.8,36520.4,36510.3,0.15767334,12,2022-01-26 22:38:00,5758.293446136
1643236740,36532.3,36597.7,36532.3,36597.7,36548.4,3.91431363,42,2022-01-26 22:39:00,143254.875936651
1643236800,36585.0,36585.0,36534.8,36541.7,36554.6,1.00210228,25,2022-01-26 22:40:00,36618.520885075995
1643236860,36534.9,36534.9,36511.9,36517.2,36514.8,0.44933746,26,2022-01-26 22:41:00,16408.545894312
1643236920,36525.3,36525.3,36524.3,36524.3,36524.3,0.02952754,3,2022-01-26 22:42:00,1078.4727292220002
1643236980,36524.3,36524.3,36375.2,36392.7,36433.1,4.37259054,51,2022-01-26 22:43:00,159130.375745058
1643237040,36484.8,36523.3,36484.8,36523.3,36511.8,0.03568191,12,2022-01-26 22:44:00,1303.221103503
1643237100,36516.3,36532.9,36479.4,36532.9,36497.2,0.65883158,11,2022-01-26 22:45:00,24069.028228982
1643237160,36537.5,36538.8,36531.7,36531.7,36532.9,0.29535720,7,2022-01-26 22:46:00,10789.900623239999
1643237220,36499.2,36499.2,36499.2,36499.2,36499.2,0.77921439,14,2022-01-26 22:47:00,28440.701863488
1643237280,36499.2,36537.8,36499.1,36532.2,36528.4,1.36650908,22,2022-01-26 22:48:00,49921.583012375995
1643237340,36534.0,36537.1,36530.2,36537.1,36533.4,0.14090957,10,2022-01-26 22:49:00,5148.427050047
1643237400,36537.1,36537.1,36525.1,36525.1,36535.2,0.50667417,9,2022-01-26 22:50:00,18506.324726667
1643237460,36525.0,36525.0,36446.3,36490.5,36492.9,2.26514749,21,2022-01-26 22:51:00,82656.364483845
1643237520,36490.6,36508.5,36474.2,36503.2,36477.9,2.91598753,16,2022-01-26 22:52:00,106442.876005096
1643237580,36503.2,36525.3,36503.2,36525.3,36520.8,0.35877891,21,2022-01-26 22:53:00,13104.507321423001
1643237640,36525.2,36537.0,36492.9,36530.1,36497.9,1.76989644,16,2022-01-26 22:54:00,64654.493942844
1643237700,36527.3,36537.1,36526.1,36537.1,36532.4,0.01243938,10,2022-01-26 22:55:00,454.498870998
1643237760,36537.1,36537.1,36533.6,36533.6,36536.5,0.82468261,12,2022-01-26 22:56:00,30128.624600696
1643237820,36533.6,36533.6,36528.1,36528.1,36532.1,0.05134738,8,2022-01-26 22:57:00,1875.622231378
1643237880,36528.1,36528.1,36512.6,36512.6,36522.9,0.04376314,10,2022-01-26 22:58:00,1597.906025564
1643237940,36512.6,36537.1,36500.7,36537.1,36503.5,1.08239713,15,2022-01-26 22:59:00,39547.65217852299
1643238000,36537.1,36537.1,36494.0,36494.0,36531.9,0.12272661,9,2022-01-26 23:00:00,4478.78490534
1643238060,36510.2,36510.2,36479.2,36479.3,36498.8,0.58341899,10,2022-01-26 23:01:00,21282.716361907
1643238120,36500.6,36537.1,36500.6,36537.1,36521.0,0.15868017,9,2022-01-26 23:02:00,5797.713239307001
1643238180,36537.1,36596.9,36537.0,36596.9,36560.1,2.26637091,29,2022-01-26 23:03:00,82942.149556179
1643238240,36596.8,36598.4,36559.6,36559.7,36593.4,0.25788036,17,2022-01-26 23:04:00,9428.028597491999
1643238300,36559.7,36576.6,36559.1,36574.6,36568.5,0.13960515,12,2022-01-26 23:05:00,5106.00251919
1643238360,36574.8,36582.4,36562.4,36566.7,36578.1,6.14236853,23,2022-01-26 23:06:00,224606.14732595097
1643238420,36569.3,36584.0,36569.3,36584.0,36583.9,5.08355332,10,2022-01-26 23:07:00,185976.71465888
1643238480,36584.4,36621.3,36584.4,36621.2,36592.7,8.52426103,22,2022-01-26 23:08:00,312168.668031836
1643238540,36621.2,36621.2,36621.1,36621.1,36621.1,3.06532789,5,2022-01-26 23:09:00,112255.67919247899
1643238600,36621.2,36754.4,36621.2,36717.0,36706.6,10.95598915,94,2022-01-26 23:10:00,402271.05362055
1643238660,36720.0,36928.7,36717.1,36794.4,36847.3,152.07299333,463,2022-01-26 23:11:00,5595434.545781353
1643238720,36814.3,36824.8,36769.0,36808.6,36795.8,5.58078137,42,2022-01-26 23:12:00,205420.749135782
1643238780,36835.4,36835.4,36801.2,36803.9,36810.5,2.91602743,22,2022-01-26 23:13:00,107321.181930977
1643238840,36804.9,36813.9,36715.0,36727.4,36766.1,4.08076189,52,2022-01-26 23:14:00,149875.774238786
1643238900,36715.2,36715.2,36681.5,36710.8,36709.5,2.80197312,16,2022-01-26 23:15:00,102862.67481369601
1643238960,36701.7,36710.6,36701.7,36709.9,36707.4,2.03763464,5,2022-01-26 23:16:00,74801.363870936
1643239020,36716.7,36716.7,36668.9,36676.3,36682.4,0.07896393,7,2022-01-26 23:17:00,2896.1047858590005
1643239080,36683.7,36683.7,36683.7,36683.7,36683.7,0.18773427,8,2022-01-26 23:18:00,6886.787640398999
1643239140,36683.7,36713.0,36683.7,36713.0,36683.9,0.34673933,10,2022-01-26 23:19:00,12729.84102229
1643239200,36723.9,36743.9,36723.8,36743.9,36726.1,0.01915129,11,2022-01-26 23:20:00,703.693084631
1643239260,36743.9,36800.2,36739.4,36800.2,36751.4,0.52301727,20,2022-01-26 23:21:00,19247.140139453997
1643239320,36800.2,36827.4,36800.2,36827.4,36805.2,1.41615555,14,2022-01-26 23:22:00,52153.32690207
1643239380,36827.4,36829.2,36799.6,36803.1,36826.3,8.59799080,31,2022-01-26 23:23:00,316432.71521148
1643239440,36800.9,36853.1,36800.9,36846.2,36850.4,1.04472328,17,2022-01-26 23:24:00,38494.08291953599
1643239500,36846.3,36846.3,36846.2,36846.2,36846.2,0.22359249,10,2022-01-26 23:25:00,8238.533605038
1643239560,36846.3,36846.9,36821.1,36846.9,36842.2,1.11784274,17,2022-01-26 23:26:00,41189.039656506
1643239620,36846.9,36846.9,36846.9,36846.9,36846.9,0.05710782,5,2022-01-26 23:27:00,2104.246132758
1643239680,36846.9,36846.9,36839.5,36839.5,36841.5,0.22361096,12,2022-01-26 23:28:00,8237.71596092
1643239740,36839.4,36855.4,36824.8,36855.4,36848.7,3.08360362,14,2022-01-26 23:29:00,113647.444856548
1643239800,36855.4,36855.4,36853.5,36853.5,36855.1,0.39089206,29,2022-01-26 23:30:00,14405.740533209999
1643239860,36839.4,36878.1,36839.4,36878.1,36854.5,0.46482179,16,2022-01-26 23:31:00,17141.744453799
1643239920,36878.1,36893.5,36874.6,36893.5,36878.3,0.25849225,13,2022-01-26 23:32:00,9536.683825375
1643239980,36893.5,36893.5,36893.4,36893.5,36893.4,0.07494734,8,2022-01-26 23:33:00,2765.06968829
1643240040,36893.5,36893.5,36865.2,36865.2,36874.7,1.21267397,22,2022-01-26 23:34:00,44705.46843884399
1643240100,36865.2,36874.5,36865.1,36874.5,36872.2,0.14138894,5,2022-01-26 23:35:00,5213.64646803
1643240160,36874.5,36884.1,36874.4,36884.1,36874.8,1.82443326,10,2022-01-26 23:36:00,67292.57880516599
1643240220,36884.2,36897.8,36880.7,36897.8,36884.8,0.51673032,16,2022-01-26 23:37:00,19066.212001296
1643240280,36900.0,36900.0,36850.1,36850.1,36876.4,0.51704348,23,2022-01-26 23:38:00,19053.103942348
1643240340,36850.0,36850.1,36814.2,36814.2,36836.7,0.72672722,19,2022-01-26 23:39:00,26753.881222524
1643240400,36814.1,36816.3,36814.0,36816.3,36814.0,1.50029218,22,2022-01-26 23:40:00,55235.206986534
1643240460,36816.6,36818.6,36815.9,36818.6,36818.3,0.11601203,9,2022-01-26 23:41:00,4271.400527758
1643240520,36820.3,36860.0,36820.3,36859.8,36837.7,1.21281067,19,2022-01-26 23:42:00,44703.95873406601
1643240580,36859.8,36871.4,36850.3,36850.3,36862.5,0.31562234,10,2022-01-26 23:43:00,11630.777915702001
1643240640,36856.0,36856.0,36824.8,36835.0,36848.5,0.46139218,17,2022-01-26 23:44:00,16995.3809503
1643240700,36868.9,36868.9,36866.3,36866.4,36866.4,2.77961357,8,2022-01-26 23:45:00,102474.345717048
1643240760,36866.3,36875.2,36866.3,36866.8,36871.6,9.00558995,24,2022-01-26 23:46:00,332007.28356866
1643240820,36866.8,36922.3,36866.8,36872.8,36878.3,2.81216878,26,2022-01-26 23:47:00,103692.53699118401
1643240880,36872.8,36883.7,36872.8,36883.4,36883.3,1.69785693,17,2022-01-26 23:48:00,62622.736291962
1643240940,36883.3,36883.3,36874.5,36874.6,36877.7,1.22170071,14,2022-01-26 23:49:00,45049.725000966
1643241000,36874.6,36874.6,36868.5,36868.5,36872.0,0.76219685,19,2022-01-26 23:50:00,28101.054564225
1643241060,36866.3,36866.4,36835.8,36836.6,36856.3,0.81213271,16,2022-01-26 23:51:00,29916.207785185998
1643241120,36836.0,36836.0,36800.3,36820.0,36826.8,0.92906330,24,2022-01-26 23:52:00,34208.110706
1643241180,36824.3,36824.3,36824.2,36824.2,36824.2,0.09640214,5,2022-01-26 23:53:00,3549.9316837879996
1643241240,36824.3,36829.6,36824.3,36829.4,36826.5,0.14658685,10,2022-01-26 23:54:00,5398.70573339
1643241300,36829.3,36829.3,36826.7,36827.5,36828.3,0.26545617,14,2022-01-26 23:55:00,9776.087100675
1643241360,36827.5,36845.8,36827.5,36845.8,36835.7,0.46383023,15,2022-01-26 23:56:00,17090.195888534003
1643241420,36865.5,36865.6,36860.5,36860.5,36861.4,0.03995963,5,2022-01-26 23:57:00,1472.9319416150001
1643241480,36860.5,36860.5,36826.8,36826.8,36851.0,0.94886683,13,2022-01-26 23:58:00,34943.728975044
1643241540,36826.8,36827.6,36826.8,36827.6,36826.8,0.33118117,8,2022-01-26 23:59:00,12196.607656292
1643241600,36827.7,36846.2,36813.5,36839.7,36831.7,0.88806226,27,2022-01-27 00:00:00,32715.947239721998
1643241660,36839.7,36839.7,36771.2,36771.2,36804.1,3.03273184,29,2022-01-27 00:01:00,111517.18903500799
1643241720,36771.3,36777.6,36747.9,36748.9,36754.7,3.34219701,36,2022-01-27 00:02:00,122822.063700789
1643241780,36760.1,36854.2,36760.1,36854.2,36848.5,5.08397237,44,2022-01-27 00:03:00,187365.73451845397
1643241840,36854.3,36873.6,36838.2,36869.5,36863.1,0.63427860,20,2022-01-27 00:04:00,23385.534842700003
1643241900,36869.7,36883.4,36869.7,36883.4,36882.8,0.09584823,5,2022-01-27 00:05:00,3535.208606382
1643241960,36883.3,36958.5,36883.3,36958.5,36919.0,1.00527807,23,2022-01-27 00:06:00,37153.569550094995
1643242020,36965.5,36978.2,36916.4,36916.4,36955.3,2.41243881,27,2022-01-27 00:07:00,89058.556085484
1643242080,36905.4,36938.4,36903.6,36938.4,36910.0,0.44642847,8,2022-01-27 00:08:00,16490.353396248003
1643242140,36938.1,36981.0,36938.1,36975.6,36970.8,1.80472433,36,2022-01-27 00:09:00,66730.764936348
1643242200,36975.7,36975.7,36975.6,36975.7,36975.6,0.01758364,6,2022-01-27 00:10:00,650.1673975479999
1643242260,36975.6,36975.6,36944.0,36944.3,36956.2,3.11606494,24,2022-01-27 00:11:00,115120.83796284201
1643242320,36944.3,36964.1,36929.8,36929.8,36943.2,0.36388162,18,2022-01-27 00:12:00,13438.075450276001
1643242380,36929.9,36946.7,36929.8,36946.7,36942.6,0.04683995,4,2022-01-27 00:13:00,1730.5815806649998
1643242440,36956.2,36956.2,36929.8,36935.1,36934.0,19.81858293,28,2022-01-27 00:14:00,732001.342377843
1643242500,36947.4,36956.9,36929.8,36956.9,36947.9,25.58398421,25,2022-01-27 00:15:00,945504.7460505491
1643242560,36960.1,37032.2,36960.1,37030.1,36999.7,1.70057743,41,2022-01-27 00:16:00,62972.552290643
1643242620,37033.3,37057.2,37033.3,37044.3,37052.4,16.30254971,42,2022-01-27 00:17:00,603916.542222153
1643242680,37043.4,37043.4,37020.5,37020.5,37028.7,1.40601452,13,2022-01-27 00:18:00,52051.36053766
1643242740,37027.5,37027.5,37003.1,37009.6,37009.8,1.05267998,18,2022-01-27 00:19:00,38959.264987808
1643242800,37018.6,37018.6,36983.7,36983.7,36997.3,1.56113364,23,2022-01-27 00:20:00,57736.49820166799
1643242860,36983.7,37022.1,36983.7,37022.1,37017.4,0.66242569,10,2022-01-27 00:21:00,24524.390137748996
1643242920,37022.1,37032.0,37022.1,37031.7,37024.7,0.38470470,15,2022-01-27 00:22:00,14246.26903899
1643242980,37031.7,37042.6,37031.7,37042.2,37042.1,0.45699551,13,2022-01-27 00:23:00,16928.119080522
1643243040,37035.0,37042.6,37035.0,37042.6,37035.2,1.13282674,18,2022-01-27 00:24:00,41962.847799124
1643243100,37044.6,37071.8,37042.6,37071.8,37048.9,0.85515994,15,2022-01-27 00:25:00,31702.318263692
1643243160,37078.4,37093.9,37078.4,37093.8,37082.2,3.21755850,14,2022-01-27 00:26:00,119351.4714873
1643243220,37094.2,37098.7,37085.2,37098.7,37097.8,4.29703527,24,2022-01-27 00:27:00,159414.422371149
1643243280,37098.7,37098.7,37084.6,37084.6,37092.9,2.74406373,18,2022-01-27 00:28:00,101762.505801558
1643243340,37069.4,37069.4,37050.1,37050.1,37059.5,1.76163064,19,2022-01-27 00:29:00,65268.591375063996
1643243400,37050.0,37080.5,37050.0,37050.3,37078.3,1.44353276,25,2022-01-27 00:30:00,53483.32181782801
1643243460,37050.4,37050.4,37043.4,37043.4,37048.9,0.68914192,21,2022-01-27 00:31:00,25528.159799328
1643243520,37029.6,37029.6,36991.4,36991.7,37010.9,0.93117589,18,2022-01-27 00:32:00,34445.779170113
1643243580,36988.6,36988.6,36945.1,36950.2,36951.3,3.35691854,16,2022-01-27 00:33:00,124038.811436708
1643243640,36964.1,37000.5,36964.1,36991.6,36993.6,0.70930161,14,2022-01-27 00:34:00,26238.201436476
1643243700,36991.6,37011.0,36962.8,37004.2,36971.7,1.85997628,17,2022-01-27 00:35:00,68826.93426037599
1643243760,37001.3,37030.5,36999.8,37025.0,37009.0,0.01986062,6,2022-01-27 00:36:00,735.3394555
1643243820,37022.0,37039.3,37022.0,37037.8,37031.1,0.05692154,9,2022-01-27 00:37:00,2108.248614212
1643243880,37037.8,37039.0,37037.1,37037.2,37038.2,0.03217530,7,2022-01-27 00:38:00,1191.6830211599997
1643243940,37037.2,37060.2,37037.2,37060.2,37054.7,0.08872990,9,2022-01-27 00:39:00,3288.3478399799997
1643244000,37060.2,37076.5,37037.0,37037.0,37061.6,0.24588473,23,2022-01-27 00:40:00,9106.83274501
1643244060,37037.1,37058.8,37037.0,37058.8,37041.9,0.16099103,13,2022-01-27 00:41:00,5966.134382564001
1643244120,37060.6,37060.6,37054.0,37054.1,37057.0,0.27375207,11,2022-01-27 00:42:00,10143.636576987
1643244180,37088.6,37088.6,37062.4,37062.4,37080.4,0.02260255,4,2022-01-27 00:43:00,837.70474912
1643244240,37076.0,37076.0,37054.0,37054.1,37056.4,0.05414334,9,2022-01-27 00:44:00,2006.2327346939999
1643244300,37054.6,37054.6,37026.3,37026.3,37031.9,1.17394624,19,2022-01-27 00:45:00,43466.88566611201
1643244360,37026.3,37033.8,37026.2,37033.8,37027.5,0.05371551,7,2022-01-27 00:46:00,1989.2894542380002
1643244420,37029.8,37057.0,37029.8,37043.3,37049.8,0.05244933,10,2022-01-27 00:47:00,1942.8962659890003
1643244480,37055.2,37055.9,37055.1,37055.9,37055.2,0.74221390,4,2022-01-27 00:48:00,27503.40405701
1643244540,37057.3,37058.9,37055.9,37058.9,37056.7,0.04018275,6,2022-01-27 00:49:00,1489.1285139750003
1643244600,37063.3,37063.3,37063.2,37063.2,37063.2,0.17132435,9,2022-01-27 00:50:00,6349.828648919999
1643244660,37063.3,37074.7,37063.3,37074.7,37070.6,0.05592483,6,2022-01-27 00:51:00,2073.396294801
1643244720,37063.3,37063.3,37005.1,37005.1,37057.1,0.41458357,28,2022-01-27 00:52:00,15341.706466207
1643244780,36999.6,37014.1,36999.6,37014.1,37001.0,0.10238828,4,2022-01-27 00:53:00,3789.810034748
1643244840,37018.8,37018.8,36995.1,36995.1,36999.3,0.66932805,13,2022-01-27 00:54:00,24761.858142554996
1643244900,36990.0,37018.7,36990.0,37018.7,36994.8,0.02038979,8,2022-01-27 00:55:00,754.803519073
1643244960,37018.7,37037.4,37007.7,37009.6,37023.3,0.28870609,12,2022-01-27 00:56:00,10684.896908464001
1643245020,37007.1,37053.2,37007.0,37050.5,37030.4,0.06456307,8,2022-01-27 00:57:00,2392.094025035
1643245080,37050.4,37050.4,37024.4,37029.0,37029.0,0.01088234,7,2022-01-27 00:58:00,402.96216786
1643245140,37026.7,37030.6,37024.2,37030.6,37030.5,2.03507974,4,2022-01-27 00:59:00,75360.223820044
1643245200,37031.3,37031.3,37031.3,37031.3,37031.3,0.02661364,5,2022-01-27 01:00:00,985.5376869320002
1643245260,37031.3,37031.3,36999.4,37002.4,37000.9,5.89959622,21,2022-01-27 01:01:00,218299.21917092803
1643245320,37006.4,37012.2,37006.4,37010.7,37010.0,0.61734921,11,2022-01-27 01:02:00,22848.526406546996
1643245380,36997.4,37001.0,36991.1,36991.1,36997.3,11.23612780,33,2022-01-27 01:03:00,415636.72706258
1643245440,36989.9,36990.1,36989.8,36990.1,36989.9,2.15033560,13,2022-01-27 01:04:00,79541.12887756
1643245500,36990.1,37006.4,36965.8,36967.5,36967.1,0.76380818,11,2022-01-27 01:05:00,28236.07889415
1643245560,36967.5,36967.5,36946.0,36946.0,36964.4,0.69061262,7,2022-01-27 01:06:00,25515.37385852
1643245620,36945.5,36945.6,36903.1,36904.2,36909.8,1.15458690,33,2022-01-27 01:07:00,42609.10587497999
1643245680,36906.3,36918.3,36900.0,36900.1,36916.3,2.20260488,11,2022-01-27 01:08:00,81276.34033248799
1643245740,36900.1,36900.1,36900.1,36900.1,36900.1,0.01487288,6,2022-01-27 01:09:00,548.810759288
1643245800,36900.1,36926.8,36900.1,36905.3,36906.2,1.67688756,17,2022-01-27 01:10:00,61886.038468068
1643245860,36920.7,36929.1,36905.0,36905.0,36917.9,6.40496085,53,2022-01-27 01:11:00,236375.08016925
1643245920,36905.1,36905.1,36864.0,36870.9,36874.9,1.64455509,39,2022-01-27 01:12:00,60636.22626788101
1643245980,36871.3,36875.4,36863.1,36863.1,36870.3,0.11931008,17,2022-01-27 01:13:00,4398.139410048
1643246040,36860.2,36864.6,36859.9,36859.9,36862.6,1.14362700,14,2022-01-27 01:14:00,42153.9768573
1643246100,36860.0,36893.5,36860.0,36864.0,36864.7,0.21399058,9,2022-01-27 01:15:00,7888.54874112
1643246160,36860.1,36860.1,36808.6,36814.2,36819.5,2.28994921,32,2022-01-27 01:16:00,84302.64820678199
1643246220,36812.0,36815.5,36797.7,36797.7,36806.6,0.08308106,10,2022-01-27 01:17:00,3057.1919215619996
1643246280,36797.8,36797.8,36757.8,36757.8,36784.1,0.38241366,17,2022-01-27 01:18:00,14056.684831548
1643246340,36756.7,36756.7,36715.1,36715.1,36730.1,3.39356952,38,2022-01-27 01:19:00,124595.24428375199
1643246400,36728.2,36728.2,36661.5,36661.5,36673.4,17.06345652,52,2022-01-27 01:20:00,625571.91120798
1643246460,36681.6,36686.2,36644.5,36667.5,36664.4,2.45368112,35,2022-01-27 01:21:00,89970.35246760001
1643246520,36667.5,36667.5,36644.4,36644.5,36655.2,0.68846771,17,2022-01-27 01:22:00,25228.554999095
1643246580,36644.5,36686.6,36644.4,36677.6,36651.9,8.08917161,48,2022-01-27 01:23:00,296691.40064293594
1643246640,36677.5,36700.0,36677.5,36700.0,36678.3,0.18923541,13,2022-01-27 01:24:00,6944.939547
1643246700,36688.1,36688.1,36677.6,36677.6,36683.0,0.05532286,5,2022-01-27 01:25:00,2029.109729936
1643246760,36683.0,36718.3,36683.0,36718.3,36700.1,4.35444766,30,2022-01-27 01:26:00,159887.91551417802
1643246820,36735.8,36749.4,36735.8,36749.4,36745.2,3.54395350,18,2022-01-27 01:27:00,130238.16475290002
1643246880,36780.7,36780.7,36735.2,36735.2,36775.4,0.02319206,6,2022-01-27 01:28:00,851.9649625119999
1643246940,36735.1,36735.1,36716.4,36716.4,36718.1,0.29593000,3,2022-01-27 01:29:00,10865.484252000002
1643247000,36712.8,36712.8,36621.2,36621.2,36680.2,0.37873876,20,2022-01-27 01:30:00,13869.867877711999
1643247060,36621.2,36622.2,36400.0,36400.0,36539.9,25.58221158,152,2022-01-27 01:31:00,931192.501512
1643247120,36400.1,36425.5,36375.7,36400.0,36383.7,3.38157569,30,2022-01-27 01:32:00,123089.355116
1643247180,36399.9,36400.0,36394.8,36394.8,36395.4,0.03668728,7,2022-01-27 01:33:00,1335.2262181440003
1643247240,36394.9,36394.9,36340.9,36340.9,36365.5,0.98053259,22,2022-01-27 01:34:00,35633.436799931005
1643247300,36340.9,36369.7,36340.9,36369.7,36361.3,0.08754120,10,2022-01-27 01:35:00,3183.8471816399997
1643247360,36369.8,36387.5,36340.8,36340.9,36375.9,1.20935688,18,2022-01-27 01:36:00,43949.117440392
1643247420,36340.9,36340.9,36169.7,36250.7,36244.7,11.19000796,120,2022-01-27 01:37:00,405645.621555572
1643247480,36250.9,36250.9,36220.1,36239.8,36235.6,0.43096000,6,2022-01-27 01:38:00,15617.904208000002
1643247540,36239.7,36239.7,36200.1,36200.1,36224.1,2.07534227,27,2022-01-27 01:39:00,75127.597708227
1643247600,36200.0,36217.9,36190.2,36216.1,36191.2,3.03180056,14,2022-01-27 01:40:00,109799.992261016
1643247660,36216.0,36221.7,36177.1,36221.7,36212.1,3.15711446,34,2022-01-27 01:41:00,114356.05283578199
1643247720,36241.7,36241.8,36224.1,36230.8,36225.5,1.86635642,17,2022-01-27 01:42:00,67619.58618173601
1643247780,36241.8,36259.8,36232.2,36253.1,36257.5,1.08887353,11,2022-01-27 01:43:00,39475.040970443
1643247840,36247.9,36277.8,36247.9,36276.7,36263.0,0.11502291,8,2022-01-27 01:44:00,4172.651599197
1643247900,36262.4,36315.4,36246.9,36301.4,36292.9,0.41317340,17,2022-01-27 01:45:00,14998.77286276
1643247960,36301.3,36301.3,36247.0,36262.0,36263.3,0.07694135,11,2022-01-27 01:46:00,2790.0472337
1643248020,36254.7,36254.7,36200.5,36200.5,36222.3,2.47207802,30,2022-01-27 01:47:00,89490.46036301
1643248080,36191.7,36191.7,36177.0,36177.0,36184.9,0.34803903,15,2022-01-27 01:48:00,12591.00798831
1643248140,36177.1,36193.7,36169.4,36169.4,36174.9,0.42084243,28,2022-01-27 01:49:00,15221.618187642
1643248200,36169.3,36172.6,36161.8,36161.9,36168.5,1.66035804,22,2022-01-27 01:50:00,60041.701406676
1643248260,36165.6,36203.1,36165.6,36186.1,36169.0,3.66309039,28,2022-01-27 01:51:00,132552.95516157898
1643248320,36207.2,36207.2,36161.9,36161.9,36187.5,0.61180350,21,2022-01-27 01:52:00,22123.97698665
1643248380,36161.8,36161.8,36070.6,36070.7,36104.1,6.57120067,86,2022-01-27 01:53:00,237027.80800736896
1643248440,36070.7,36070.7,36000.0,36000.1,36022.0,10.70775669,96,2022-01-27 01:54:00,385480.311615669
1643248500,36000.1,36037.0,35969.9,35969.9,35999.3,7.51044440,106,2022-01-27 01:55:00,270149.93402356
1643248560,35952.3,35952.3,35879.1,35879.1,35908.2,6.55911388,102,2022-01-27 01:56:00,235335.102811908
1643248620,35879.1,35911.5,35873.1,35878.2,35885.0,6.48147188,39,2022-01-27 01:57:00,232543.54440501597
1643248680,35878.2,35924.7,35878.2,35878.3,35892.1,0.88413660,19,2022-01-27 01:58:00,31721.318175780005
1643248740,35886.3,35893.4,35867.3,35893.4,35880.2,4.36572423,33,2022-01-27 01:59:00,156700.686077082
1643248800,35868.6,35868.6,35850.1,35850.1,35853.7,1.37018469,17,2022-01-27 02:00:00,49121.258154969
1643248860,35850.0,35889.6,35807.8,35876.9,35851.1,7.19301436,64,2022-01-27 02:01:00,258063.05689228402
1643248920,35867.1,35922.5,35867.1,35912.7,35907.5,0.28831875,27,2022-01-27 02:02:00,10354.304773124999
1643248980,35912.7,35912.7,35912.6,35912.7,35912.6,0.36166421,27,2022-01-27 02:03:00,12988.338274466998
1643249040,35912.7,35912.7,35850.1,35875.9,35859.1,1.58250788,21,2022-01-27 02:04:00,56773.894452092005
1643249100,35873.9,35873.9,35821.1,35821.1,35847.3,1.02802835,18,2022-01-27 02:05:00,36825.106328185
1643249160,35818.2,35827.3,35807.9,35807.9,35814.4,0.50134835,23,2022-01-27 02:06:00,17952.231581965
1643249220,35808.0,35825.9,35807.8,35810.8,35820.6,10.50327559,28,2022-01-27 02:07:00,376130.701498372
1643249280,35824.8,35827.6,35814.4,35827.6,35824.9,2.20101419,13,2022-01-27 02:08:00,78857.055993644
1643249340,35827.6,35877.4,35827.6,35862.9,35834.1,0.69044969,28,2022-01-27 02:09:00,24761.528187501
1643249400,35862.2,35862.2,35861.4,35861.4,35862.1,0.38309580,6,2022-01-27 02:10:00,13738.35172212
1643249460,35861.4,35896.2,35844.8,35896.2,35865.2,1.03923177,21,2022-01-27 02:11:00,37304.471462274
1643249520,35912.0,35922.2,35897.5,35918.2,35909.4,3.56062601,41,2022-01-27 02:12:00,127891.27715238198
1643249580,35905.6,35935.3,35900.0,35900.0,35903.5,2.01829263,15,2022-01-27 02:13:00,72456.70541699999
1643249640,35872.2,35872.2,35867.2,35867.3,35871.5,0.03524453,6,2022-01-27 02:14:00,1264.1261308690002
1643249700,35881.3,35912.0,35881.3,35912.0,35897.9,0.50255215,20,2022-01-27 02:15:00,18047.6528108
1643249760,35916.8,35924.3,35906.2,35924.3,35919.4,0.22714649,7,2022-01-27 02:16:00,8160.078650707001
1643249820,35948.5,35969.6,35939.4,35969.6,35952.4,0.32615169,13,2022-01-27 02:17:00,11731.545828624
1643249880,35958.2,35972.2,35958.2,35968.5,35971.1,0.03405941,4,2022-01-27 02:18:00,1225.065888585
1643249940,35971.8,35988.6,35951.1,35951.1,35955.3,1.11337693,21,2022-01-27 02:19:00,40027.125348123
1643250000,35956.7,35980.8,35949.3,35949.3,35973.6,0.94459200,9,2022-01-27 02:20:00,33957.421185600004
1643250060,35949.3,35949.3,35917.9,35935.0,35939.6,2.97683317,53,2022-01-27 02:21:00,106972.49996395
1643250120,35935.0,35935.0,35910.1,35910.1,35918.5,0.20224420,19,2022-01-27 02:22:00,7262.6094464200005
1643250180,35910.1,35910.1,35827.7,35827.7,35882.7,2.59937343,22,2022-01-27 02:23:00,93129.57143801099
1643250240,35827.6,35827.7,35752.0,35789.0,35798.0,1.61186276,39,2022-01-27 02:24:00,57686.95631764
1643250300,35787.3,35787.3,35763.8,35763.8,35766.0,2.28298743,31,2022-01-27 02:25:00,81648.305849034
1643250360,35763.8,35811.0,35722.0,35806.4,35761.0,1.10509476,42,2022-01-27 02:26:00,39569.465014464
1643250420,35775.4,35823.1,35773.1,35823.1,35797.0,0.13491155,6,2022-01-27 02:27:00,4832.949946805
1643250480,35823.0,35879.9,35798.4,35879.9,35833.5,0.94076452,24,2022-01-27 02:28:00,33754.536901148
1643250540,35873.7,35873.7,35831.7,35866.4,35851.3,0.09030934,12,2022-01-27 02:29:00,3239.070912176
1643250600,35862.0,35885.0,35862.0,35885.0,35872.9,0.20409802,8,2022-01-27 02:30:00,7324.0574477
1643250660,35884.8,35884.9,35799.3,35813.0,35817.5,22.69899313,48,2022-01-27 02:31:00,812919.04096469
1643250720,35786.4,35786.4,35763.7,35777.7,35774.6,1.11319287,23,2022-01-27 02:32:00,39827.480544998994
1643250780,35777.8,35777.8,35771.4,35771.4,35773.6,0.01725585,6,2022-01-27 02:33:00,617.26591269
1643250840,35771.5,35771.5,35734.1,35763.4,35757.6,0.50591890,16,2022-01-27 02:34:00,18093.37998826
1643250900,35771.4,35786.9,35749.1,35749.1,35786.3,0.85289532,18,2022-01-27 02:35:00,30490.240084212
1643250960,35749.2,35785.9,35749.1,35785.9,35764.4,0.59313353,12,2022-01-27 02:36:00,21225.817191227
1643251020,35789.3,35789.4,35748.0,35780.0,35784.6,0.11162635,9,2022-01-27 02:37:00,3993.990803
1643251080,35780.0,35849.3,35775.7,35849.3,35786.8,0.17082107,20,2022-01-27 02:38:00,6123.815784751
1643251140,35849.5,35856.4,35818.0,35823.3,35819.9,0.52066946,13,2022-01-27 02:39:00,18652.098266418
1643251200,35815.3,35853.5,35813.7,35853.5,35819.3,0.20410407,8,2022-01-27 02:40:00,7317.845273745
1643251260,35848.4,35856.5,35848.3,35856.5,35853.7,1.14563020,13,2022-01-27 02:41:00,41078.2892663
1643251320,35856.4,35860.9,35856.4,35856.5,35857.7,0.25032023,20,2022-01-27 02:42:00,8975.607326995
1643251380,35856.4,35864.0,35841.0,35864.0,35856.1,11.00321976,39,2022-01-27 02:43:00,394619.47347264003
1643251440,35866.1,35870.0,35855.6,35855.6,35864.0,0.04044513,9,2022-01-27 02:44:00,1450.184403228
1643251500,35855.7,35939.8,35855.7,35939.8,35908.5,1.76927978,24,2022-01-27 02:45:00,63587.561437244
1643251560,35954.3,36012.8,35954.3,36009.8,35991.4,1.26297586,35,2022-01-27 02:46:00,45479.50812342801
1643251620,36006.2,36006.2,35981.3,36006.1,36002.6,0.18825696,18,2022-01-27 02:47:00,6778.398927456
1643251680,36006.1,36006.1,35985.0,35995.0,35996.8,2.85361480,27,2022-01-27 02:48:00,102715.864726
1643251740,35995.0,36014.4,35995.0,36011.8,35997.8,0.72230471,20,2022-01-27 02:49:00,26011.492755578
1643251800,36014.8,36027.6,35985.1,35998.0,36003.9,0.35634835,28,2022-01-27 02:50:00,12827.8279033
1643251860,35992.0,36002.3,35984.9,36002.3,35992.8,0.06770040,10,2022-01-27 02:51:00,2437.37011092
1643251920,35996.3,35996.3,35962.8,35963.7,35972.4,0.19316637,15,2022-01-27 02:52:00,6946.977380769
1643251980,35965.6,36001.1,35965.6,35995.8,35985.7,0.27472742,10,2022-01-27 02:53:00,9889.033264836
1643252040,35995.9,36015.1,35995.8,36015.0,35998.8,0.10703524,14,2022-01-27 02:54:00,3854.8741686000003
1643252100,36006.3,36006.3,35939.2,35939.2,35968.8,1.20248784,27,2022-01-27 02:55:00,43216.450979328
1643252160,35959.1,35979.6,35959.1,35979.6,35959.1,0.30684226,7,2022-01-27 02:56:00,11040.061777895999
1643252220,35993.8,36024.7,35993.8,36023.3,36005.8,0.31151635,11,2022-01-27 02:57:00,11221.846930955
1643252280,36023.3,36023.4,36016.1,36023.4,36022.8,0.00759869,6,2022-01-27 02:58:00,273.730649346
1643252340,36029.5,36029.5,36022.8,36022.8,36026.2,0.14130402,15,2022-01-27 02:59:00,5090.166451656
1643252400,36026.1,36033.5,36022.8,36033.5,36028.5,0.79400269,16,2022-01-27 03:00:00,28610.695930115002
1643252460,36033.5,36055.1,36033.5,36055.1,36046.9,1.29505835,13,2022-01-27 03:01:00,46693.458315084994
1643252520,36055.2,36089.8,36055.2,36089.2,36084.7,2.86418329,22,2022-01-27 03:02:00,103366.08358946799
1643252580,36089.6,36126.3,36089.6,36126.3,36103.9,3.51772177,31,2022-01-27 03:03:00,127082.27197955102
1643252640,36124.3,36125.5,36074.7,36093.1,36113.6,5.09146130,20,2022-01-27 03:04:00,183766.62184702998
1643252700,36095.9,36149.9,36095.9,36149.9,36100.9,0.20891383,18,2022-01-27 03:05:00,7552.2140631170005
1643252760,36117.9,36117.9,36110.8,36113.0,36113.8,0.00031848,3,2022-01-27 03:06:00,11.50126824
1643252820,36113.0,36150.0,36113.0,36150.0,36115.7,0.28037293,18,2022-01-27 03:07:00,10135.4814195
1643252880,36150.0,36150.0,36139.4,36139.4,36140.5,0.06106563,6,2022-01-27 03:08:00,2206.8752288220003
1643252940,36148.7,36237.4,36148.7,36237.4,36176.6,1.95934608,42,2022-01-27 03:09:00,71001.60763939201
1643253000,36233.8,36233.8,36194.0,36194.0,36233.7,5.05098398,28,2022-01-27 03:10:00,182815.31417211998
1643253060,36188.8,36190.5,36171.8,36174.6,36183.6,0.53600281,8,2022-01-27 03:11:00,19389.687250626
1643253120,36197.5,36197.5,36177.4,36189.2,36186.2,0.10654255,10,2022-01-27 03:12:00,3855.6896504599995
1643253180,36196.0,36196.0,36189.2,36189.2,36195.6,0.00227270,2,2022-01-27 03:13:00,82.24719483999999
1643253240,36177.4,36177.4,36136.1,36136.1,36174.9,0.42502443,5,2022-01-27 03:14:00,15358.725304923
1643253300,36143.3,36143.3,36136.0,36137.3,36137.6,0.09529398,10,2022-01-27 03:15:00,3443.6671434540003
1643253360,36137.3,36154.8,36137.3,36144.7,36145.0,0.45344406,10,2022-01-27 03:16:00,16389.599515481998
1643253420,36144.8,36144.8,36118.5,36118.5,36140.2,0.03057959,10,2022-01-27 03:17:00,1104.488921415
1643253480,36137.3,36173.0,36137.3,36173.0,36152.4,0.83907069,8,2022-01-27 03:18:00,30351.70406937
1643253540,36177.4,36215.4,36177.4,36212.0,36195.4,0.59141648,23,2022-01-27 03:19:00,21416.37357376
1643253600,36221.8,36224.8,36213.3,36213.3,36221.8,0.19836861,8,2022-01-27 03:20:00,7183.581984513001
1643253660,36212.7,36230.9,36212.7,36227.9,36229.0,0.09757808,11,2022-01-27 03:21:00,3535.048924432
1643253720,36227.9,36227.9,36207.0,36227.7,36212.8,0.24504581,11,2022-01-27 03:22:00,8877.446090937
1643253780,36215.7,36215.7,36210.8,36215.5,36213.5,0.00447282,3,2022-01-27 03:23:00,161.98541271
1643253840,36208.6,36208.6,36208.5,36208.5,36208.5,0.10766392,19,2022-01-27 03:24:00,3898.34904732
1643253900,36208.6,36208.6,36169.1,36172.0,36192.5,0.03350568,4,2022-01-27 03:25:00,1211.9674569600002
1643253960,36208.5,36219.6,36195.7,36195.7,36216.7,0.39792329,7,2022-01-27 03:26:00,14403.112027852998
1643254020,36195.7,36213.6,36195.7,36213.6,36206.6,0.05972629,9,2022-01-27 03:27:00,2162.903975544
1643254080,36216.8,36216.8,36194.9,36204.9,36200.3,0.00847580,5,2022-01-27 03:28:00,306.86549142
1643254140,36216.8,36216.8,36209.6,36216.7,36216.7,0.01703869,6,2022-01-27 03:29:00,617.0851241229999
1643254200,36211.3,36216.8,36211.3,36216.7,36216.5,0.40175357,9,2022-01-27 03:30:00,14550.188518619
1643254260,36197.1,36197.1,36170.0,36185.1,36174.6,0.15699025,10,2022-01-27 03:31:00,5680.707895275
1643254320,36193.7,36210.4,36193.7,36207.5,36204.1,0.08409630,7,2022-01-27 03:32:00,3044.91678225
1643254380,36207.5,36207.5,36162.0,36162.0,36169.7,0.21585002,13,2022-01-27 03:33:00,7805.56842324
1643254440,36150.1,36150.4,36136.9,36140.3,36141.1,7.03005668,24,2022-01-27 03:34:00,254068.35743220404
1643254500,36140.3,36140.3,36140.2,36140.3,36140.2,0.15883397,8,2022-01-27 03:35:00,5740.307325991
1643254560,36140.3,36140.3,36140.2,36140.3,36140.2,0.08449009,5,2022-01-27 03:36:00,3053.4971996270006
1643254620,36140.3,36140.3,36128.8,36128.8,36129.1,0.69477229,8,2022-01-27 03:37:00,25101.289110952
1643254680,36125.2,36125.2,36054.9,36054.9,36092.2,0.06537142,7,2022-01-27 03:38:00,2356.960010958
1643254740,36053.4,36053.6,36029.9,36029.9,36048.5,0.18702857,11,2022-01-27 03:39:00,6738.620674243
1643254800,36029.9,36048.6,35926.7,35942.1,35992.5,4.59413564,69,2022-01-27 03:40:00,165122.882586444
1643254860,35941.4,35941.4,35850.2,35850.2,35871.6,2.75911615,41,2022-01-27 03:41:00,98914.86580073
1643254920,35850.0,35850.0,35818.3,35823.2,35834.9,0.33112083,19,2022-01-27 03:42:00,11861.807717255999
1643254980,35802.2,35809.1,35623.1,35623.1,35692.4,45.56804168,166,2022-01-27 03:43:00,1623274.9055708079
1643255040,35656.4,35687.8,35558.9,35603.2,35626.3,4.23892760,77,2022-01-27 03:44:00,150919.38712832
1643255100,35611.0,35665.7,35596.9,35651.5,35648.1,3.60893298,27,2022-01-27 03:45:00,128663.87413647
1643255160,35645.6,35645.6,35555.9,35556.6,35576.1,0.62155776,32,2022-01-27 03:46:00,22100.480649216
1643255220,35577.5,35598.1,35565.4,35569.4,35578.7,3.10917462,13,2022-01-27 03:47:00,110591.47572862801
1643255280,35617.3,35617.3,35560.0,35560.0,35584.5,0.15999386,10,2022-01-27 03:48:00,5689.3816615999995
1643255340,35560.0,35583.1,35550.1,35550.1,35559.5,5.72090592,33,2022-01-27 03:49:00,203378.777546592
1643255400,35557.4,35610.6,35550.0,35604.1,35576.6,1.50927252,19,2022-01-27 03:50:00,53736.28972933199
1643255460,35602.5,35606.1,35600.0,35600.0,35603.8,0.70706012,9,2022-01-27 03:51:00,25171.340271999998
1643255520,35600.2,35645.3,35600.2,35639.9,35611.3,1.63980082,28,2022-01-27 03:52:00,58442.337244718
1643255580,35641.3,35650.0,35635.3,35650.0,35640.2,10.08798233,30,2022-01-27 03:53:00,359636.57006450003
1643255640,35650.4,35687.7,35650.4,35687.7,35664.0,0.27449046,9,2022-01-27 03:54:00,9795.933189341999
1643255700,35688.7,35700.8,35687.8,35699.8,35700.2,1.81306844,15,2022-01-27 03:55:00,64726.180694312
1643255760,35687.8,35701.6,35652.1,35701.6,35659.0,11.04861160,30,2022-01-27 03:56:00,394453.11189855996
1643255820,35701.6,35766.2,35701.6,35766.1,35745.9,0.13491135,17,2022-01-27 03:57:00,4825.252835235
1643255880,35773.3,35779.8,35767.8,35779.8,35775.9,0.06065169,12,2022-01-27 03:58:00,2170.1053378620004
1643255940,35782.4,35782.4,35767.3,35772.5,35775.3,3.81336264,12,2022-01-27 03:59:00,136413.5150394
1643256000,35773.9,35773.9,35756.2,35756.2,35769.6,0.60678878,10,2022-01-27 04:00:00,21696.460975436
1643256060,35759.2,35770.0,35742.1,35770.0,35749.1,0.04622826,8,2022-01-27 04:01:00,1653.5848602
1643256120,35770.0,35818.1,35770.0,35817.2,35774.5,1.01555822,22,2022-01-27 04:02:00,36374.451877383995
1643256180,35817.2,35817.2,35783.3,35783.3,35800.8,0.32551628,5,2022-01-27 04:03:00,11648.046702124
1643256240,35793.0,35794.4,35773.9,35773.9,35785.6,0.65295546,8,2022-01-27 04:04:00,23358.763330494003
1643256300,35738.5,35751.6,35734.5,35751.6,35738.5,0.43474447,8,2022-01-27 04:05:00,15542.810393651998
1643256360,35758.6,35758.6,35739.9,35755.1,35749.4,0.31571153,8,2022-01-27 04:06:00,11288.297326303
1643256420,35768.9,35782.3,35768.2,35772.2,35774.0,0.22225651,5,2022-01-27 04:07:00,7950.604327021999
1643256480,35772.4,35798.2,35772.4,35780.9,35780.3,0.12520433,15,2022-01-27 04:08:00,4479.923611297
1643256540,35799.4,35853.2,35799.4,35853.2,35840.5,0.10709186,15,2022-01-27 04:09:00,3839.5858749519994
1643256600,35853.2,36011.5,35853.2,36011.2,35995.3,44.67748911,103,2022-01-27 04:10:00,1608889.995838032
1643256660,36000.0,36015.2,36000.0,36000.1,36007.2,8.11843612,23,2022-01-27 04:11:00,292264.512163612
1643256720,36008.9,36008.9,35990.3,35990.3,36000.4,15.24554980,24,2022-01-27 04:12:00,548691.91096694
1643256780,35968.8,35968.8,35945.2,35950.0,35948.4,14.03995744,25,2022-01-27 04:13:00,504736.469968
1643256840,35922.0,35928.6,35885.6,35892.8,35924.6,22.74198286,46,2022-01-27 04:14:00,816273.4423974081
1643256900,35891.0,35921.7,35888.1,35888.6,35909.1,0.12107742,5,2022-01-27 04:15:00,4345.299095412
1643256960,35886.9,35894.9,35823.0,35823.1,35878.5,5.43292940,26,2022-01-27 04:16:00,194624.37318914
1643257020,35823.1,35823.1,35784.4,35785.2,35808.7,5.48558334,33,2022-01-27 04:17:00,196302.69693856797
1643257080,35795.7,35874.6,35795.7,35858.9,35823.2,0.13955918,12,2022-01-27 04:18:00,5004.438679702001
1643257140,35855.8,35922.6,35852.1,35922.6,35856.4,0.05161048,6,2022-01-27 04:19:00,1853.9826288479999
1643257200,35924.5,35924.5,35920.3,35920.4,35920.7,0.11765670,13,2022-01-27 04:20:00,4226.27572668
1643257260,35920.4,35922.7,35898.9,35917.7,35910.2,0.84571856,12,2022-01-27 04:21:00,30376.265522511996
1643257320,35921.1,35921.9,35805.1,35818.8,35901.3,4.71431023,26,2022-01-27 04:22:00,168860.935266324
1643257380,35805.1,35805.5,35783.9,35805.5,35793.3,5.27726107,21,2022-01-27 04:23:00,188954.97124188498
1643257440,35805.6,35812.7,35805.6,35812.7,35811.5,3.50134061,14,2022-01-27 04:24:00,125392.460863747
1643257500,35812.6,35812.6,35784.1,35810.3,35796.4,1.88969050,15,2022-01-27 04:25:00,67670.38371215
1643257560,35810.3,35811.4,35802.5,35811.4,35805.4,2.94664203,9,2022-01-27 04:26:00,105523.37639314201
1643257620,35810.3,35811.5,35782.3,35811.5,35799.8,2.85654847,17,2022-01-27 04:27:00,102297.285533405
1643257680,35811.5,35811.5,35784.7,35786.3,35811.4,2.87090229,22,2022-01-27 04:28:00,102738.970620627
1643257740,35797.0,35797.0,35786.3,35790.4,35790.1,1.42509733,12,2022-01-27 04:29:00,51004.803479632006
1643257800,35811.5,35823.2,35811.5,35813.4,35814.7,1.44388156,20,2022-01-27 04:30:00,51710.307860903995
1643257860,35817.7,35820.9,35811.9,35811.9,35815.1,2.25858438,18,2022-01-27 04:31:00,80884.197958122
1643257920,35820.9,35837.4,35811.9,35811.9,35823.4,3.22986070,24,2022-01-27 04:32:00,115667.44840233
1643257980,35812.0,35890.7,35812.0,35890.7,35874.6,2.61248268,25,2022-01-27 04:33:00,93763.83212307599
1643258040,35890.9,35897.1,35890.9,35895.2,35894.5,5.48248899,23,2022-01-27 04:34:00,196795.03879384798
1643258100,35895.3,35906.1,35862.3,35906.1,35871.6,2.24968897,17,2022-01-27 04:35:00,80777.557125717
1643258160,35901.7,35901.7,35887.3,35889.2,35895.0,0.18234188,4,2022-01-27 04:36:00,6544.104199696
1643258220,35876.2,35876.2,35854.9,35854.9,35860.3,0.03141361,3,2022-01-27 04:37:00,1126.3318451890002
1643258280,35889.7,35892.1,35875.3,35875.3,35889.5,0.15510200,4,2022-01-27 04:38:00,5564.3307806
1643258340,35886.4,35894.4,35879.3,35880.9,35885.4,0.94328733,10,2022-01-27 04:39:00,33845.998358997
1643258400,35881.1,35918.2,35859.6,35864.3,35885.2,5.61102448,35,2022-01-27 04:40:00,201235.465258064
1643258460,35861.3,35861.3,35845.0,35852.1,35860.6,1.67840692,13,2022-01-27 04:41:00,60174.412736532
1643258520,35845.0,35845.0,35843.5,35843.5,35843.6,1.79647303,10,2022-01-27 04:42:00,64391.881050805
1643258580,35843.6,35843.7,35826.0,35826.1,35836.2,2.26508505,24,2022-01-27 04:43:00,81149.163509805
1643258640,35826.0,35826.1,35826.0,35826.0,35826.0,1.85420102,24,2022-01-27 04:44:00,66428.60574252
1643258700,35826.0,35826.5,35826.0,35826.5,35826.1,2.24183115,13,2022-01-27 04:45:00,80316.963695475
1643258760,35826.5,35904.4,35826.3,35898.2,35845.5,5.05203568,34,2022-01-27 04:46:00,181358.987247776
1643258820,35903.9,35937.8,35903.9,35937.8,35915.2,3.06299306,22,2022-01-27 04:47:00,110077.23199166801
1643258880,35940.2,35968.4,35940.2,35963.3,35960.1,1.94935962,24,2022-01-27 04:48:00,70105.40482194601
1643258940,35963.4,35963.4,35935.0,35935.0,35945.0,1.62097109,20,2022-01-27 04:49:00,58249.59611915
1643259000,35936.5,35937.0,35936.4,35937.0,35936.6,2.66602046,23,2022-01-27 04:50:00,95808.77727102
1643259060,35938.6,35955.4,35938.6,35954.5,35953.7,6.75367780,17,2022-01-27 04:51:00,242825.10846010002
1643259120,35953.8,35974.9,35953.8,35974.9,35956.9,1.24304649,10,2022-01-27 04:52:00,44718.473173101
1643259180,35975.0,35989.0,35975.0,35985.6,35983.6,0.11756182,11,2022-01-27 04:53:00,4230.532629792
1643259240,35985.6,35998.6,35985.6,35992.8,35993.9,0.05347369,8,2022-01-27 04:54:00,1924.667829432
1643259300,35993.3,35993.4,35993.3,35993.4,35993.3,0.09071675,9,2022-01-27 04:55:00,3265.20426945
1643259360,35993.4,36000.0,35993.4,36000.0,35993.5,0.06799931,3,2022-01-27 04:56:00,2447.97516
1643259420,36000.0,36000.0,35993.4,35993.4,35997.1,0.07284248,9,2022-01-27 04:57:00,2621.8485196320003
1643259480,35993.4,35993.4,35973.9,35973.9,35990.8,1.81750310,35,2022-01-27 04:58:00,65382.67476909
1643259540,35973.9,35983.5,35973.9,35974.3,35981.8,2.91671301,26,2022-01-27 04:59:00,104926.708835643
1643259600,36000.0,36000.5,35982.8,35982.8,36000.1,1.67481608,18,2022-01-27 05:00:00,60264.57204342401
1643259660,35992.0,36002.2,35979.7,35979.8,35990.5,1.20253636,11,2022-01-27 05:01:00,43267.01772552801
1643259720,35979.8,36019.9,35976.0,36019.9,35980.3,2.34585559,14,2022-01-27 05:02:00,84497.48376624101
1643259780,36017.1,36017.2,36008.5,36008.6,36014.3,1.12902987,18,2022-01-27 05:03:00,40654.784976882
1643259840,36008.8,36027.4,36008.8,36027.4,36022.1,0.74583679,8,2022-01-27 05:04:00,26870.560368046
1643259900,36029.1,36055.2,36029.0,36055.2,36044.2,3.17786769,14,2022-01-27 05:05:00,114578.65513648799
1643259960,36053.9,36109.9,36030.2,36087.2,36048.4,28.42622338,98,2022-01-27 05:06:00,1025822.8083587359
1643260020,36097.4,36114.7,36033.2,36033.2,36098.6,8.64656144,55,2022-01-27 05:07:00,311563.277679808
1643260080,36030.2,36031.2,35990.1,35990.1,36027.1,21.00799294,55,2022-01-27 05:08:00,756079.7667098941
1643260140,35987.5,35987.5,35960.5,35960.5,35986.6,1.10417298,11,2022-01-27 05:09:00,39706.61244729
1643260200,35960.6,35981.2,35960.6,35968.4,35966.4,3.34339287,8,2022-01-27 05:10:00,120256.49210530802
1643260260,35964.2,35965.4,35923.9,35929.1,35950.3,3.82372012,21,2022-01-27 05:11:00,137382.822563492
1643260320,35921.1,35922.6,35921.0,35922.6,35922.3,2.61165048,9,2022-01-27 05:12:00,93817.275532848
1643260380,35933.0,35934.6,35922.7,35922.7,35929.7,2.24312776,14,2022-01-27 05:13:00,80579.205584152
1643260440,35922.3,35922.4,35893.8,35894.0,35913.1,2.35674744,15,2022-01-27 05:14:00,84593.09261136
1643260500,35894.0,35914.3,35894.0,35894.0,35906.1,1.94222506,12,2022-01-27 05:15:00,69714.22630364
1643260560,35893.9,35893.9,35881.8,35881.8,35887.6,1.59712153,10,2022-01-27 05:16:00,57307.595315154
1643260620,35885.9,35885.9,35868.9,35868.9,35877.0,1.77499322,7,2022-01-27 05:17:00,63667.054308858
1643260680,35883.8,36000.0,35883.8,36000.0,35933.6,1.09161956,21,2022-01-27 05:18:00,39298.30416
1643260740,36017.2,36025.1,36014.4,36014.4,36018.9,2.10029317,6,2022-01-27 05:19:00,75640.798341648
1643260800,36031.9,36041.1,36018.4,36018.4,36038.3,2.16501791,18,2022-01-27 05:20:00,77980.481089544
1643260860,36024.1,36040.8,36024.1,36040.8,36024.4,4.61206588,10,2022-01-27 05:21:00,166222.54396790403
1643260920,36066.8,36074.2,36060.1,36060.1,36061.4,1.34682074,7,2022-01-27 05:22:00,48566.490566474
1643260980,36060.1,36060.1,36028.7,36032.9,36059.3,2.82025148,18,2022-01-27 05:23:00,101621.839553692
1643261040,36032.9,36063.1,36032.9,36063.1,36036.6,0.03410194,8,2022-01-27 05:24:00,1229.8216724139997
1643261100,36062.3,36079.1,36052.4,36052.4,36053.9,1.72195763,8,2022-01-27 05:25:00,62080.705259812
1643261160,36040.5,36040.5,36026.4,36031.4,36033.2,4.96805661,5,2022-01-27 05:26:00,179006.03493755398
1643261220,36033.0,36036.0,36023.0,36023.0,36030.1,5.61827879,6,2022-01-27 05:27:00,202387.25685217
1643261280,36023.0,36046.3,36023.0,36046.3,36026.9,0.10697619,5,2022-01-27 05:28:00,3856.0958375970004
1643261340,36026.8,36026.8,36026.8,36026.8,36026.8,0.02437695,2,2022-01-27 05:29:00,878.2235022600001
1643261400,36033.8,36033.8,36033.7,36033.7,36033.7,0.07668731,5,2022-01-27 05:30:00,2763.3275223469996
1643261460,36033.8,36076.5,36033.8,36061.6,36073.2,0.58228467,13,2022-01-27 05:31:00,20998.116855671997
1643261520,36050.6,36079.8,36050.6,36074.1,36078.3,0.02840337,7,2022-01-27 05:32:00,1024.626009717
1643261580,36076.1,36076.1,36076.0,36076.0,36076.0,0.22417204,9,2022-01-27 05:33:00,8087.23051504
1643261640,36076.1,36076.1,36031.2,36031.2,36065.3,0.33886184,9,2022-01-27 05:34:00,12209.598729408
1643261700,36031.3,36066.1,36031.3,36039.9,36047.2,4.83774767,12,2022-01-27 05:35:00,174351.94225203298
1643261760,36034.8,36034.8,36031.5,36031.5,36032.1,0.00961471,5,2022-01-27 05:36:00,346.43242336500003
1643261820,36031.4,36031.4,35981.5,35981.5,35983.6,0.42364462,10,2022-01-27 05:37:00,15243.368894530002
1643261880,35951.9,35971.4,35951.9,35971.4,35957.0,0.15886385,18,2022-01-27 05:38:00,5714.5550938900005
1643261940,35992.7,36003.4,35950.3,35950.9,35980.9,0.26200553,7,2022-01-27 05:39:00,9419.334608477
1643262000,35972.6,35974.1,35960.2,35960.2,35972.9,0.19910889,13,2022-01-27 05:40:00,7159.995506178
1643262060,35958.9,35959.0,35958.9,35958.9,35958.9,0.00086732,4,2022-01-27 05:41:00,31.187873148
1643262120,35959.0,35960.0,35959.0,35960.0,35959.9,0.26239244,8,2022-01-27 05:42:00,9435.6321424
1643262180,35959.9,35960.0,35959.9,35960.0,35959.9,0.03945551,4,2022-01-27 05:43:00,1418.8201396
1643262240,35959.9,35960.0,35959.9,35960.0,35959.9,0.24606016,8,2022-01-27 05:44:00,8848.3233536
1643262300,35960.0,36000.0,35959.9,36000.0,35970.1,0.73111747,15,2022-01-27 05:45:00,26320.22892
1643262360,36000.0,36000.0,35970.1,35977.2,35976.7,1.16285396,9,2022-01-27 05:46:00,41836.229489712
1643262420,35982.2,35988.6,35981.3,35981.3,35981.4,3.08978669,20,2022-01-27 05:47:00,111174.54182889701
1643262480,35981.2,36026.7,35965.7,36024.8,35986.8,2.41836994,14,2022-01-27 05:48:00,87121.293414512
1643262540,36023.4,36026.7,36000.4,36000.4,36021.9,0.04821559,5,2022-01-27 05:49:00,1735.7805262360002
1643262600,36007.7,36043.6,36007.7,36036.4,36035.1,2.22961653,8,2022-01-27 05:50:00,80347.353121692
1643262660,36032.4,36032.6,36003.3,36003.3,36011.9,2.92795848,14,2022-01-27 05:51:00,105416.16754298401
1643262720,35980.2,36015.5,35980.2,36015.4,36015.3,0.65477363,17,2022-01-27 05:52:00,23581.934193902
1643262780,36015.4,36015.4,35987.1,35995.7,35995.7,2.39008810,11,2022-01-27 05:53:00,86032.89422116999
1643262840,36011.6,36011.6,36002.7,36002.8,36002.8,1.38074746,7,2022-01-27 05:54:00,49710.77465288801
1643262900,36002.9,36003.0,36001.6,36001.6,36002.2,2.37591500,11,2022-01-27 05:55:00,85536.74146399999
1643262960,36001.5,36001.5,35999.4,36000.3,36000.3,2.30340018,6,2022-01-27 05:56:00,82923.097500054
1643263020,35998.4,36020.4,35989.7,36020.4,35998.5,1.22594143,11,2022-01-27 05:57:00,44158.900685172004
1643263080,36023.1,36028.4,36018.6,36028.4,36019.7,2.50111029,9,2022-01-27 05:58:00,90111.00197223602
1643263140,36024.1,36024.1,35996.0,36024.1,36024.0,1.30350926,7,2022-01-27 05:59:00,46957.747933166
1643263200,36007.5,36029.2,36007.5,36026.2,36020.5,3.69469789,13,2022-01-27 06:00:00,133105.925124718
1643263260,36006.2,36011.3,36006.2,36008.4,36008.0,3.68923253,17,2022-01-27 06:01:00,132843.360633252
1643263320,36008.8,36009.1,35992.5,35996.5,36003.3,4.58794772,26,2022-01-27 06:02:00,165150.06010298
1643263380,35997.7,36002.6,35972.8,35986.6,35987.6,9.91250509,43,2022-01-27 06:03:00,356717.355671794
1643263440,35988.4,35988.4,35973.9,35974.0,35977.1,4.21093655,11,2022-01-27 06:04:00,151484.2314497
1643263500,35974.0,35974.1,35900.2,35900.2,35930.8,9.38953456,11,2022-01-27 06:05:00,337086.16861091193
1643263560,35900.2,35921.1,35895.0,35920.5,35904.1,6.70059344,12,2022-01-27 06:06:00,240688.66666152
1643263620,35918.9,35928.4,35904.0,35904.0,35921.2,10.64665736,38,2022-01-27 06:07:00,382257.58585344005
1643263680,35908.2,35917.3,35904.0,35911.4,35912.7,8.48739692,23,2022-01-27 06:08:00,304794.30575288803
1643263740,35911.5,35942.0,35911.5,35941.5,35935.6,8.40392390,14,2022-01-27 06:09:00,302049.63085185003
1643263800,35947.0,35960.1,35947.0,35957.9,35958.3,7.31257632,22,2022-01-27 06:10:00,262944.888056928
1643263860,35967.1,35967.4,35965.3,35966.8,35966.9,5.89575036,7,2022-01-27 06:11:00,212051.274048048
1643263920,35968.2,35971.2,35965.1,35967.8,35967.5,7.11095729,19,2022-01-27 06:12:00,255765.48961526202
1643263980,35967.3,35967.3,35965.0,35965.2,35965.1,6.80048189,33,2022-01-27 06:13:00,244580.69127022798
1643264040,35965.3,35966.5,35965.3,35966.5,35965.8,2.86346378,8,2022-01-27 06:14:00,102988.77004337
1643264100,35966.8,35966.8,35946.4,35946.4,35961.3,8.02808631,49,2022-01-27 06:15:00,288580.801733784
1643264160,35946.5,35956.3,35943.8,35943.9,35948.3,7.94660485,13,2022-01-27 06:16:00,285631.970067915
1643264220,35928.7,36004.1,35928.7,36004.1,35949.3,7.14508767,37,2022-01-27 06:17:00,257252.45097944696
1643264280,36013.1,36013.1,36000.7,36000.7,36004.7,4.09746454,15,2022-01-27 06:18:00,147511.59166517798
1643264340,35997.8,36007.3,35997.8,36007.3,36003.2,1.87627343,9,2022-01-27 06:19:00,67559.540276039
1643264400,36011.3,36011.3,35998.9,35998.9,36008.5,10.10434939,11,2022-01-27 06:20:00,363745.46325567097
1643264460,36012.5,36023.0,36012.4,36023.0,36019.8,4.71750837,20,2022-01-27 06:21:00,169938.80401251
1643264520,36017.3,36021.1,36017.3,36021.1,36019.2,4.53240722,7,2022-01-27 06:22:00,163262.29371234198
1643264580,36022.1,36022.2,36016.4,36016.5,36018.4,3.20302385,22,2022-01-27 06:23:00,115361.708493525
1643264640,36015.6,36015.9,36015.6,36015.9,36015.8,9.30684452,26,2022-01-27 06:24:00,335194.381547868
1643264700,36015.9,36018.0,36004.6,36015.6,36015.0,10.09945006,25,2022-01-27 06:25:00,363737.753580936
1643264760,36015.8,36015.8,35987.3,35990.6,35998.1,12.35406894,16,2022-01-27 06:26:00,444630.35359196394
1643264820,35990.4,35990.7,35990.4,35990.7,35990.5,16.10438017,21,2022-01-27 06:27:00,579607.9153844189
1643264880,35992.1,35992.2,35992.0,35992.1,35992.1,8.63312090,15,2022-01-27 06:28:00,310724.15074489
1643264940,35992.1,35992.1,35980.3,35981.6,35983.7,6.81802560,15,2022-01-27 06:29:00,245323.46992896
1643265000,35981.9,35983.0,35981.9,35983.0,35982.2,8.83979448,20,2022-01-27 06:30:00,318082.32477384
1643265060,35983.1,35983.1,35968.5,35968.5,35983.0,6.13348248,20,2022-01-27 06:31:00,220612.16458187997
1643265120,35963.1,35970.2,35963.1,35970.2,35967.5,7.09822327,6,2022-01-27 06:32:00,255324.51066655398
1643265180,35969.9,35987.4,35969.9,35987.4,35980.2,13.02236421,17,2022-01-27 06:33:00,468641.029770954
1643265240,35986.3,35994.7,35986.3,35994.7,35992.0,9.66897845,16,2022-01-27 06:34:00,348031.9786142149
1643265300,35995.1,36022.6,35995.1,36022.6,36007.9,15.24435737,19,2022-01-27 06:35:00,549141.3877965619
1643265360,36022.6,36022.6,36022.6,36022.6,36022.6,31.56371198,16,2022-01-27 06:36:00,1137006.971170748
1643265420,36022.6,36022.6,36022.5,36022.6,36022.5,41.24717854,20,2022-01-27 06:37:00,1485830.6136750039
1643265480,36022.6,36113.8,36022.6,36113.8,36028.0,22.89814249,81,2022-01-27 06:38:00,826938.9382553621
1643265540,36114.6,36114.7,36109.8,36110.6,36114.5,2.50184847,15,2022-01-27 06:39:00,90343.249360782
1643265600,36110.8,36124.2,36092.0,36124.2,36108.1,2.80474774,12,2022-01-27 06:40:00,101319.26830930798
1643265660,36129.6,36150.4,36129.6,36150.4,36131.1,1.68087998,16,2022-01-27 06:41:00,60764.483628992006
1643265720,36147.1,36158.2,36146.4,36157.7,36152.9,2.89996771,15,2022-01-27 06:42:00,104856.16246786699
1643265780,36157.8,36157.8,36157.7,36157.8,36157.7,4.61798850,13,2022-01-27 06:43:00,166976.3045853
1643265840,36157.8,36157.8,36134.2,36134.2,36134.5,3.35886464,24,2022-01-27 06:44:00,121369.886674688
1643265900,36134.3,36134.3,36117.2,36117.2,36130.6,0.59528364,14,2022-01-27 06:45:00,21499.978282607997
1643265960,36112.7,36112.7,36088.3,36088.3,36112.2,0.16442537,9,2022-01-27 06:46:00,5933.832080171
1643266020,36079.4,36102.0,36079.4,36102.0,36090.3,0.00332769,5,2022-01-27 06:47:00,120.13626438
1643266080,36123.2,36123.2,36123.2,36123.2,36123.2,0.00231121,2,2022-01-27 06:48:00,83.488301072
1643266140,36138.6,36138.6,36128.0,36128.0,36129.1,1.24782044,13,2022-01-27 06:49:00,45081.25685632
1643266200,36128.0,36128.0,36127.9,36127.9,36127.9,0.09020292,5,2022-01-27 06:50:00,3258.8420734680003
1643266260,36128.0,36128.9,36128.0,36128.9,36128.0,0.02246973,2,2022-01-27 06:51:00,811.806628197
1643266320,36128.9,36128.9,36128.8,36128.8,36128.8,0.01017159,5,2022-01-27 06:52:00,367.487340792
1643266380,36128.9,36170.5,36128.9,36168.2,36155.5,0.07435375,9,2022-01-27 06:53:00,2689.2413007499995
1643266440,36168.2,36189.2,36168.2,36187.2,36183.4,0.11676651,19,2022-01-27 06:54:00,4225.453050672
1643266500,36189.7,36189.7,36170.9,36170.9,36173.4,6.08241135,22,2022-01-27 06:55:00,220006.292699715
1643266560,36171.0,36171.0,36155.1,36155.1,36163.8,0.34553312,10,2022-01-27 06:56:00,12492.784506912001
1643266620,36155.1,36155.1,36150.6,36151.0,36153.9,0.02155197,5,2022-01-27 06:57:00,779.12526747
1643266680,36151.0,36171.0,36151.0,36171.0,36170.7,1.16200282,11,2022-01-27 06:58:00,42030.80400222
1643266740,36164.7,36171.0,36164.6,36171.0,36169.1,0.08002867,7,2022-01-27 06:59:00,2894.7170225699997
1643266800,36170.9,36170.9,36128.0,36128.0,36143.3,0.20104582,11,2022-01-27 07:00:00,7263.38338496
1643266860,36128.0,36128.0,36128.0,36128.0,36128.0,0.00399394,3,2022-01-27 07:01:00,144.29306431999998
1643266920,36128.1,36138.2,36092.3,36092.3,36099.7,10.20265959,34,2022-01-27 07:02:00,368237.450720157
1643266980,36110.0,36125.9,36110.0,36118.1,36117.5,0.74490363,9,2022-01-27 07:03:00,26904.503798703
1643267040,36114.1,36116.7,36100.0,36100.0,36109.9,7.00288126,21,2022-01-27 07:04:00,252804.01348599998
1643267100,36128.2,36153.0,36128.2,36153.0,36128.2,1.05765165,14,2022-01-27 07:05:00,38237.28010245
1643267160,36161.5,36161.5,36153.8,36153.8,36156.9,0.00082970,3,2022-01-27 07:06:00,29.99680786
1643267220,36138.4,36147.0,36134.3,36134.3,36144.2,0.01300807,8,2022-01-27 07:07:00,470.037503801
1643267280,36120.9,36120.9,36120.9,36120.9,36120.9,0.08798228,1,2022-01-27 07:08:00,3177.999137652
1643267340,36090.9,36090.9,36068.5,36068.5,36081.6,0.08456775,5,2022-01-27 07:09:00,3050.231890875
1643267400,36066.1,36080.2,36050.0,36079.1,36075.1,1.11277899,19,2022-01-27 07:10:00,40148.064458109
1643267460,36091.2,36091.2,36091.1,36091.1,36091.1,0.02841064,2,2022-01-27 07:11:00,1025.371249304
1643267520,36067.2,36106.3,36037.4,36082.8,36060.8,35.42510586,68,2022-01-27 07:12:00,1278237.0097252082
1643267580,36082.8,36083.1,36050.1,36050.1,36068.7,0.86251863,105,2022-01-27 07:13:00,31093.882863362996
1643267640,36048.1,36049.4,36005.0,36005.0,36020.7,1.26506887,26,2022-01-27 07:14:00,45548.80466435
1643267700,36018.5,36081.4,36018.5,36081.4,36049.6,2.83150086,22,2022-01-27 07:15:00,102164.515130004
1643267760,36094.7,36107.8,36093.7,36097.3,36103.3,0.33724068,41,2022-01-27 07:16:00,12173.477998164002
1643267820,36093.5,36103.3,36091.6,36103.3,36092.6,0.06212200,4,2022-01-27 07:17:00,2242.8092026
1643267880,36103.3,36124.8,36103.3,36124.8,36111.7,0.04552771,11,2022-01-27 07:18:00,1644.679418208
1643267940,36129.7,36189.7,36128.9,36189.7,36170.9,9.80040246,76,2022-01-27 07:19:00,354673.624906662
1643268000,36189.8,36226.4,36189.8,36226.4,36215.5,0.05185865,19,2022-01-27 07:20:00,1878.65219836
1643268060,36218.2,36225.1,36218.2,36225.1,36223.0,1.35862088,9,2022-01-27 07:21:00,49216.17724008799
1643268120,36215.0,36215.1,36215.0,36215.1,36215.0,0.20010000,3,2022-01-27 07:22:00,7246.6415099999995
1643268180,36215.0,36215.1,36215.0,36215.1,36215.0,0.00769904,11,2022-01-27 07:23:00,278.82150350399996
1643268240,36215.1,36215.1,36215.0,36215.0,36215.0,0.08610907,7,2022-01-27 07:24:00,3118.43997005
1643268300,36215.1,36311.0,36215.0,36280.2,36268.0,6.56485542,82,2022-01-27 07:25:00,238174.26760868396
1643268360,36297.7,36298.8,36284.3,36298.8,36288.8,9.94248599,33,2022-01-27 07:26:00,360900.310453812
1643268420,36300.0,36300.1,36300.0,36300.1,36300.0,3.24023696,4,2022-01-27 07:27:00,117620.925671696
1643268480,36300.1,36304.6,36298.8,36304.6,36300.1,0.47104122,15,2022-01-27 07:28:00,17100.963075612
1643268540,36304.6,36304.6,36287.7,36287.7,36298.8,40.94978825,26,2022-01-27 07:29:00,1485973.6310795248
1643268600,36248.5,36248.6,36248.2,36248.2,36248.5,0.04777247,3,2022-01-27 07:30:00,1731.6660470539998
1643268660,36248.3,36298.2,36242.1,36242.1,36278.6,2.56620632,20,2022-01-27 07:31:00,93004.706070072
1643268720,36241.9,36258.1,36241.9,36248.8,36246.6,1.60606227,5,2022-01-27 07:32:00,58217.83001277601
1643268780,36243.9,36277.3,36243.9,36277.3,36272.1,6.38433190,12,2022-01-27 07:33:00,231606.32363587004
1643268840,36278.0,36278.0,36278.0,36278.0,36278.0,0.02252631,4,2022-01-27 07:34:00,817.20947418
1643268900,36278.1,36278.1,36211.6,36229.4,36266.2,16.81673842,50,2022-01-27 07:35:00,609260.342913548
1643268960,36229.1,36240.5,36229.1,36240.5,36229.2,4.34130309,8,2022-01-27 07:36:00,157330.99463314502
1643269020,36254.9,36255.2,36231.4,36231.4,36251.1,0.06064541,6,2022-01-27 07:37:00,2197.268107874
1643269080,36231.3,36231.3,36225.8,36230.5,36228.0,0.22030744,9,2022-01-27 07:38:00,7981.848704919999
1643269140,36230.5,36230.5,36230.5,36230.5,0.0,0.00000000,0,2022-01-27 07:39:00,0.0
1643269200,36228.0,36247.3,36228.0,36247.3,36240.5,10.01687820,41,2022-01-27 07:40:00,363084.7891788601
1643269260,36234.2,36235.0,36230.4,36235.0,36232.6,0.00614044,6,2022-01-27 07:41:00,222.4988434
1643269320,36235.1,36270.2,36235.1,36256.3,36258.0,7.50618938,54,2022-01-27 07:42:00,272146.654018094
1643269380,36256.3,36256.3,36235.1,36243.3,36243.5,18.57498577,37,2022-01-27 07:43:00,673218.7817578411
1643269440,36239.0,36259.8,36239.0,36259.4,36257.1,5.10874817,21,2022-01-27 07:44:00,185240.14339529802
1643269500,36244.6,36244.6,36217.0,36217.0,36235.4,5.07184688,23,2022-01-27 07:45:00,183687.07845296
1643269560,36220.9,36221.6,36178.4,36186.8,36214.8,13.56657611,56,2022-01-27 07:46:00,490930.976377348
1643269620,36178.7,36182.0,36178.7,36182.0,36181.4,10.89734568,10,2022-01-27 07:47:00,394287.76139376004
1643269680,36181.8,36190.2,36181.8,36190.2,36186.0,6.74986833,4,2022-01-27 07:48:00,244279.08483636598
1643269740,36196.8,36203.0,36195.8,36203.0,36197.6,9.59307581,31,2022-01-27 07:49:00,347298.12354943
1643269800,36203.0,36208.7,36202.9,36203.8,36206.3,10.80054293,23,2022-01-27 07:50:00,391020.69612913404
1643269860,36203.7,36215.5,36203.0,36215.5,36207.0,12.15096745,13,2022-01-27 07:51:00,440053.361685475
1643269920,36215.5,36235.5,36215.5,36232.2,36234.1,9.95423412,18,2022-01-27 07:52:00,360663.801482664
1643269980,36232.3,36256.8,36232.3,36256.8,36247.2,6.92312932,12,2022-01-27 07:53:00,251010.51512937603
1643270040,36255.8,36259.7,36248.1,36259.7,36252.9,10.43775339,18,2022-01-27 07:54:00,378469.8065953829
1643270100,36259.7,36259.7,36255.0,36255.6,36255.3,5.42186055,13,2022-01-27 07:55:00,196572.80735658
1643270160,36248.9,36257.2,36248.9,36257.2,36254.0,10.95799040,18,2022-01-27 07:56:00,397306.04953087994
1643270220,36250.3,36250.3,36211.4,36211.4,36240.4,5.04313485,11,2022-01-27 07:57:00,182618.97330729003
1643270280,36212.1,36222.2,36212.0,36212.0,36212.1,2.70885442,13,2022-01-27 07:58:00,98093.03625704
1643270340,36212.1,36224.1,36212.1,36212.5,36214.2,11.92309453,29,2022-01-27 07:59:00,431765.060667625
1643270400,36220.4,36227.6,36195.7,36197.1,36220.3,13.65972254,35,2022-01-27 08:00:00,494442.342752634
1643270460,36197.1,36202.1,36197.1,36202.1,36199.9,7.29078755,15,2022-01-27 08:01:00,263941.81996385497
1643270520,36202.1,36202.3,36171.3,36171.4,36183.7,6.01429722,30,2022-01-27 08:02:00,217545.55046350803
1643270580,36171.4,36175.5,36097.7,36143.8,36131.8,26.45796988,62,2022-01-27 08:03:00,956291.5717487441
1643270640,36143.8,36167.0,36143.8,36157.2,36158.6,4.80639645,14,2022-01-27 08:04:00,173785.83772193998
1643270700,36157.7,36160.2,36140.3,36140.5,36152.7,3.15634244,9,2022-01-27 08:05:00,114071.79395282
1643270760,36153.6,36168.0,36138.9,36147.3,36154.0,5.58527631,8,2022-01-27 08:06:00,201892.658360463
1643270820,36149.2,36150.0,36149.2,36150.0,36149.9,20.84674504,19,2022-01-27 08:07:00,753609.833196
1643270880,36150.0,36161.1,36150.0,36161.1,36155.4,7.06588985,17,2022-01-27 08:08:00,255510.34945483497
1643270940,36160.5,36175.8,36149.7,36167.1,36162.0,4.16883961,14,2022-01-27 08:09:00,150774.83905883098
1643271000,36169.3,36173.2,36158.9,36173.2,36165.4,2.77534592,8,2022-01-27 08:10:00,100393.143033344
1643271060,36170.3,36173.5,36170.3,36173.3,36172.7,4.33494248,19,2022-01-27 08:11:00,156809.174811784
1643271120,36173.6,36195.8,36173.6,36195.8,36182.6,4.15306448,10,2022-01-27 08:12:00,150323.49130518403
1643271180,36193.0,36227.6,36193.0,36227.6,36207.3,0.66751471,8,2022-01-27 08:13:00,24182.455907995998
1643271240,36235.5,36246.8,36235.5,36246.8,36242.6,1.22879298,9,2022-01-27 08:14:00,44539.813387464004
1643271300,36246.8,36254.7,36236.0,36245.9,36250.0,15.46735156,33,2022-01-27 08:15:00,560628.077908604
1643271360,36245.9,36248.6,36159.9,36159.9,36222.6,27.11340030,78,2022-01-27 08:16:00,980417.84350797
1643271420,36160.0,36185.6,36149.0,36185.6,36161.6,9.30706712,21,2022-01-27 08:17:00,336781.80797747197
1643271480,36197.6,36216.7,36197.5,36212.6,36207.7,3.65158383,10,2022-01-27 08:18:00,132233.344602258
1643271540,36209.7,36209.7,36185.0,36185.9,36203.7,5.84620032,15,2022-01-27 08:19:00,211550.02015948802
1643271600,36191.1,36197.7,36191.1,36197.7,36195.1,2.54676731,10,2022-01-27 08:20:00,92187.119057187
1643271660,36197.8,36197.8,36187.1,36194.7,36192.4,1.94707122,7,2022-01-27 08:21:00,70473.65868653399
1643271720,36194.7,36194.7,36175.3,36176.6,36188.3,4.22443791,31,2022-01-27 08:22:00,152825.800494906
1643271780,36176.7,36176.7,36164.1,36164.1,36164.1,1.33077877,8,2022-01-27 08:23:00,48126.416516157
1643271840,36164.7,36169.5,36164.7,36168.1,36166.3,0.56583955,9,2022-01-27 08:24:00,20465.341428354997
1643271900,36168.2,36181.7,36168.2,36177.1,36177.8,0.70466494,6,2022-01-27 08:25:00,25492.734000874
1643271960,36181.2,36185.3,36181.2,36185.2,36185.1,6.15609879,15,2022-01-27 08:26:00,222759.66593590798
1643272020,36185.3,36191.4,36169.1,36188.7,36177.0,2.83188115,14,2022-01-27 08:27:00,102482.09737300499
1643272080,36188.8,36196.9,36188.8,36190.8,36191.9,7.64235678,16,2022-01-27 08:28:00,276583.005753624
1643272140,36192.9,36197.7,36192.9,36197.6,36195.3,1.11280564,14,2022-01-27 08:29:00,40280.89343446399
1643272200,36197.9,36197.9,36156.2,36174.4,36177.1,16.66948794,40,2022-01-27 08:30:00,603008.724536736
1643272260,36174.7,36174.7,36156.0,36156.0,36172.6,8.43005518,17,2022-01-27 08:31:00,304797.07508808
1643272320,36156.1,36176.2,36149.0,36151.5,36157.1,8.38587769,40,2022-01-27 08:32:00,303162.057310035
1643272380,36151.4,36151.5,36149.0,36149.1,36149.4,0.36232768,8,2022-01-27 08:33:00,13097.819537087998
1643272440,36149.1,36149.1,35947.2,35947.2,36075.4,18.67711186,104,2022-01-27 08:34:00,671389.8754537919
1643272500,35947.2,36021.7,35853.0,36021.7,35926.9,5.26361306,127,2022-01-27 08:35:00,189604.29056340197
1643272560,36009.7,36018.8,36000.6,36009.8,36013.6,5.62493218,27,2022-01-27 08:36:00,202552.682815364
1643272620,36021.7,36077.8,36021.7,36077.8,36075.5,0.85874911,9,2022-01-27 08:37:00,30981.778640758002
1643272680,36078.3,36078.3,36030.9,36068.2,36060.6,4.11525682,22,2022-01-27 08:38:00,148429.90603512398
1643272740,36068.1,36068.1,36058.8,36062.6,36064.7,5.39254532,23,2022-01-27 08:39:00,194469.204857032
1643272800,36059.8,36082.2,36030.9,36082.2,36057.6,2.10417320,24,2022-01-27 08:40:00,75923.19823704
1643272860,36089.4,36089.5,36069.3,36069.3,36087.0,2.48943168,14,2022-01-27 08:41:00,89792.05809542401
1643272920,36055.2,36071.0,36053.7,36071.0,36057.9,0.83291543,5,2022-01-27 08:42:00,30044.09247553
1643272980,36049.5,36221.8,36049.5,36186.3,36146.1,5.84161147,44,2022-01-27 08:43:00,211386.30513686102
1643273040,36183.8,36226.0,36170.3,36226.0,36211.9,0.53324973,21,2022-01-27 08:44:00,19317.50471898
1643273100,36232.4,36268.7,36232.4,36268.7,36240.9,0.77650464,16,2022-01-27 08:45:00,28162.813836767997
1643273160,36273.1,36427.8,36273.1,36375.5,36408.9,7.47920061,88,2022-01-27 08:46:00,272059.66178905504
1643273220,36383.1,36389.8,36376.2,36383.5,36384.2,1.23075625,17,2022-01-27 08:47:00,44779.220021875
1643273280,36374.6,36374.6,36351.9,36352.3,36353.4,4.46629106,7,2022-01-27 08:48:00,162359.952500438
1643273340,36353.1,36367.9,36343.6,36358.7,36354.1,2.92633098,16,2022-01-27 08:49:00,106397.59020252599
1643273400,36347.3,36355.3,36332.6,36346.9,36346.2,0.19702345,10,2022-01-27 08:50:00,7161.191634805
1643273460,36337.5,36345.3,36328.8,36345.3,36339.9,0.15653130,7,2022-01-27 08:51:00,5689.1770578900005
1643273520,36315.6,36433.6,36312.4,36411.3,36360.6,3.41898834,35,2022-01-27 08:52:00,124489.810144242
1643273580,36413.1,36413.1,36381.4,36381.7,36385.8,0.18738324,5,2022-01-27 08:53:00,6817.3208227079995
1643273640,36386.8,36389.2,36381.7,36381.7,36385.0,0.19534255,10,2022-01-27 08:54:00,7106.894051335
1643273700,36381.6,36411.0,36381.6,36411.0,36398.3,0.07206487,14,2022-01-27 08:55:00,2623.95398157
1643273760,36414.6,36435.2,36414.5,36435.2,36414.5,0.90302948,6,2022-01-27 08:56:00,32902.059709696
1643273820,36441.7,36450.0,36441.7,36449.9,36449.9,0.57035953,17,2022-01-27 08:57:00,20789.547832547
1643273880,36450.0,36523.4,36450.0,36480.8,36502.3,3.81352052,45,2022-01-27 08:58:00,139120.27938601602
1643273940,36485.6,36485.6,36471.8,36481.0,36474.8,4.96824769,17,2022-01-27 08:59:00,181246.64397889
1643274000,36475.5,36501.2,36472.3,36472.4,36497.7,0.61828745,13,2022-01-27 09:00:00,22550.42719138
1643274060,36472.3,36472.3,36471.7,36471.7,36472.2,0.13001091,5,2022-01-27 09:01:00,4741.718906247
1643274120,36471.7,36471.8,36471.7,36471.8,36471.7,3.18848674,13,2022-01-27 09:02:00,116289.85068393202
1643274180,36471.7,36505.1,36465.4,36504.5,36487.5,4.19204128,27,2022-01-27 09:03:00,153028.37090575998
1643274240,36504.5,36513.6,36449.5,36449.5,36475.1,11.11866935,26,2022-01-27 09:04:00,405269.938472825
1643274300,36442.9,36442.9,36411.2,36437.3,36422.2,4.12245299,9,2022-01-27 09:05:00,150211.05633252702
1643274360,36440.6,36440.7,36427.6,36428.7,36430.6,12.41798740,10,2022-01-27 09:06:00,452371.1375983799
1643274420,36428.7,36444.1,36428.7,36430.7,36429.4,2.92474210,18,2022-01-27 09:07:00,106550.40202246999
1643274480,36429.1,36429.1,36429.1,36429.1,36429.1,8.69938581,22,2022-01-27 09:08:00,316910.795611071
1643274540,36429.1,36429.1,36403.0,36403.0,36417.5,7.99034315,36,2022-01-27 09:09:00,290872.46168945
1643274600,36403.0,36410.7,36402.9,36403.4,36404.7,13.00370061,11,2022-01-27 09:10:00,473378.91478607396
1643274660,36409.7,36429.5,36406.4,36429.5,36416.3,11.05547267,12,2022-01-27 09:11:00,402745.341631765
1643274720,36436.1,36482.4,36436.1,36482.4,36453.6,10.70806058,6,2022-01-27 09:12:00,390655.749303792
1643274780,36479.0,36521.3,36474.7,36502.3,36486.2,10.15630186,20,2022-01-27 09:13:00,370728.377384278
1643274840,36502.0,36502.0,36474.7,36479.9,36483.8,13.69647930,21,2022-01-27 09:14:00,499646.19521607005
1643274900,36480.0,36491.3,36480.0,36481.4,36485.2,15.29354461,18,2022-01-27 09:15:00,557929.918335254
1643274960,36481.4,36481.5,36429.0,36429.0,36463.2,13.30418120,26,2022-01-27 09:16:00,484658.0169348
1643275020,36423.6,36442.0,36423.6,36432.2,36430.5,5.98944657,6,2022-01-27 09:17:00,218208.71532755397
1643275080,36423.9,36442.6,36423.9,36442.4,36433.9,15.60116550,19,2022-01-27 09:18:00,568543.9136172
1643275140,36442.4,36522.0,36442.4,36522.0,36489.5,13.56453071,45,2022-01-27 09:19:00,495403.79059061996
1643275200,36526.9,36527.1,36497.3,36498.2,36517.3,9.84032501,30,2022-01-27 09:20:00,359154.150279982
1643275260,36502.6,36507.1,36455.7,36469.2,36477.4,16.35222121,38,2022-01-27 09:21:00,596352.425751732
1643275320,36487.1,36495.4,36487.1,36494.2,36491.0,4.88380661,9,2022-01-27 09:22:00,178230.61518666198
1643275380,36495.1,36533.8,36489.1,36504.0,36505.2,5.93112006,12,2022-01-27 09:23:00,216509.60667024
1643275440,36509.1,36582.0,36509.1,36582.0,36542.3,3.20022449,23,2022-01-27 09:24:00,117070.61229318
1643275500,36578.4,36578.7,36550.3,36557.8,36561.7,6.24305482,31,2022-01-27 09:25:00,228232.349498596
1643275560,36582.5,36582.5,36567.6,36571.4,36574.5,7.71774165,19,2022-01-27 09:26:00,282248.61697881
1643275620,36571.3,36580.0,36570.2,36580.0,36576.5,3.21858662,11,2022-01-27 09:27:00,117735.8985596
1643275680,36587.7,36597.8,36587.7,36597.8,36588.0,2.39911463,8,2022-01-27 09:28:00,87802.31740581401
1643275740,36598.0,36601.0,36598.0,36601.0,36599.6,3.53346294,13,2022-01-27 09:29:00,129328.27706694
1643275800,36601.1,36607.1,36590.2,36590.2,36601.8,12.83881721,46,2022-01-27 09:30:00,469774.88947734196
1643275860,36590.2,36590.3,36573.5,36583.3,36582.0,17.93877118,31,2022-01-27 09:31:00,656259.447709294
1643275920,36569.9,36575.4,36569.9,36575.4,36572.4,1.97509782,8,2022-01-27 09:32:00,72239.992805628
1643275980,36575.3,36575.3,36574.6,36574.7,36574.7,2.88582843,22,2022-01-27 09:33:00,105548.309078721
1643276040,36575.0,36575.0,36546.0,36546.7,36563.7,9.29774982,25,2022-01-27 09:34:00,339802.073346594
1643276100,36540.4,36540.8,36538.7,36538.8,36539.2,3.30694550,15,2022-01-27 09:35:00,120831.82023540001
1643276160,36538.9,36538.9,36534.2,36535.2,36536.2,1.26588781,9,2022-01-27 09:36:00,46249.464315911995
1643276220,36534.8,36535.9,36534.5,36535.9,36535.1,2.20981841,14,2022-01-27 09:37:00,80737.70444591901
1643276280,36536.1,36583.3,36536.1,36565.8,36550.7,2.31665397,22,2022-01-27 09:38:00,84710.305736226
1643276340,36566.2,36582.0,36566.1,36569.1,36574.0,10.31808919,11,2022-01-27 09:39:00,377323.235398029
1643276400,36579.8,36580.3,36567.9,36570.1,36570.6,1.91493445,14,2022-01-27 09:40:00,70029.344329945
1643276460,36568.9,36572.2,36568.9,36570.2,36569.7,0.88755477,10,2022-01-27 09:41:00,32458.055449854
1643276520,36570.3,36588.0,36570.3,36588.0,36575.5,1.66280214,12,2022-01-27 09:42:00,60838.60469832
1643276580,36590.1,36598.0,36590.1,36598.0,36591.4,1.38079392,11,2022-01-27 09:43:00,50534.29588416
1643276640,36594.3,36621.7,36594.2,36621.7,36605.2,2.02068514,20,2022-01-27 09:44:00,74000.92499153799
1643276700,36624.7,36625.7,36623.9,36625.1,36624.1,1.69777220,16,2022-01-27 09:45:00,62181.07660222
1643276760,36625.1,36646.8,36625.1,36642.7,36631.1,0.85774270,16,2022-01-27 09:46:00,31430.008433289997
1643276820,36642.8,36643.5,36642.8,36642.9,36642.8,4.77156339,28,2022-01-27 09:47:00,174843.920143431
1643276880,36642.8,36642.8,36628.6,36630.4,36639.2,3.17196990,21,2022-01-27 09:48:00,116190.52622496
